source,author,title,description,url,publishedAt,content
The Verge,Jess Weatherbed,"Really, you made this without AI? Prove it","""This looks like AI."" It's a phrase I dread seeing as a writer who dabbles in illustration and amateur photography. In a world where generative AI technology is increasingly adept at mimicking the work of humans, people are naturally skeptical when online pla…",https://www.theverge.com/tech/906453/human-made-ai-free-logo-creative-content,2026-04-03T10:41:49Z,"<ul><li></li><li></li><li></li></ul>
Human creators want an AI-free label, but cant agree which one.
If you buy something from a Verge link, Vox Media may earn a commission. See our ethics statemen… [+10529 chars]"
Wired,Anna McKie,Technology Is Reshaping Sleep Apnea Treatment,"For decades, cumbersome CPAP machines have been the primary way to help people with sleep apnea. A range of new options has recently come into focus.",https://www.wired.com/story/sleep-apnea-treatment-tech/,2026-03-11T08:00:00Z,"Inspire therapya hypoglossal nerve stimulation implanthas been FDA-approved for more than 11 years, with over 100,000 patients treated across the US, Europe, and Asia. Ruchir Patel, Inspires senior m… [+3019 chars]"
BBC News,,The nearly-forgotten cricketer who became India's T20 World Cup hero,Sanju Samson lit up the T20 World Cup with 321 runs and impactful innings that helped India retain the title.,https://www.bbc.com/news/articles/cx2lw902gr6o,2026-03-09T07:55:19Z,"With an unbeaten 97, Samson laid down the marker. This was an old style innings, not a muscular modern marvel. Samson has the most conventional of set ups, does not move around too much in the crease… [+121 chars]"
BBC News,Matthew Henry,Superb India crush New Zealand to defend T20 title,India banish the ghosts of 2023 by emphatically beating New Zealand by 96 runs in Ahmedabad to defend their T20 World Cup title.,https://www.bbc.com/sport/cricket/articles/c15x2denz30o,2026-03-08T17:21:45Z,"India banished the ghosts of 2023 by emphatically beating New Zealand by 96 runs in Ahmedabad to defend their T20 World Cup title.
On the same ground they wilted under pressure and expectancy two an… [+1247 chars]"
Wired,Paresh Dave,Anthropic Sues Department of Defense Over Supply-Chain Risk Designation,The Claude chatbot developer says the Trump administration overstepped by escalating a contract dispute into a federal ban on the company’s technology.,https://www.wired.com/story/anthropic-sues-department-of-defense-over-supply-chain-risk-designation/,2026-03-09T15:29:57Z,"Anthropic filed a federal lawsuit against the US Department of Defense and other federal agencies on Monday, challenging its designation of the AI company as a supply-chain risk.
The Pentagon formal… [+3765 chars]"
Wired,Steven Levy,"At Palantir’s Developer Conference, AI Is Built to Win Wars","As business soars, Palantir is doubling down on a vision of AI built for battlefield advantage—and attracting customers who agree.",https://www.wired.com/story/palantir-developer-conference-ai-war-alex-karp/,2026-03-20T15:00:00Z,"Its a chilly March morning in the undisclosed mid-Atlantic hotel hosting Palantirs developer conference. The defense contractors, military officers, and corporate executives in attendance are unprepa… [+4522 chars]"
The Verge,Richard Lawler,DLSS 5: Has Nvidia’s AI graphics technology gone too far?,"Nvidia has revealed a new “3D guided neural rendering model” called DLSS 5 that can change a game’s lighting and materials in real-time, and… many gamers aren’t happy. From DLSS 5 memes to complaints about how it’s “yassified” Resident Evil Requiem characters…",https://www.theverge.com/games/896518/nvidia-dlss-5-ai-3d-rendering,2026-03-18T12:25:06Z,"Nvidia has revealed a new 3D guided neural rendering model called DLSS 5 that can change a games lighting and materials in real-time, and many gamers arent happy. From DLSS 5 memes to complaints abou… [+2251 chars]"
The Verge,Sean Hollister,Nvidia has lost the plot with gamers,"Nvidia surely thought it was doing a good thing for gamers by ""upgrading"" the faces of our favorite video game characters. But that just shows how much the company has lost the plot. Nvidia could've marketed its new DLSS 5 real-time lighting technology as a w…",https://www.theverge.com/games/895753/nvidia-dlss-5-slop-face-fake-frames,2026-03-17T23:13:49Z,"<ul><li></li><li></li><li></li></ul>
The company at the center of AI and gaming should have known better.
The company at the center of AI and gaming should have known better.
by
Sean HollisterClo… [+6931 chars]"
Wired,Paresh Dave,Anthropic Supply-Chain Risk Designation Halted By Judge,"A judge temporarily blocked the Trump administration's designation, clearing the way for Anthropic to keep doing business without the label starting next week.",https://www.wired.com/story/anthropic-supply-chain-risk-designation-injunction/,2026-03-26T23:33:05Z,"Anthropic won a preliminary injunction barring the US Department of Defense from labeling it a supply-chain risk, potentially clearing the way for customers to resume working with the company. The ru… [+2867 chars]"
Gizmodo.com,James Whitbrook,Hasbro’s CEO Says ‘Magic: The Gathering’ and ‘Dungeons & Dragons’ Will Never Use Generative AI,Both brands already have guidelines in place barring the use of the technology.,https://gizmodo.com/wizards-of-the-coast-dnd-magic-no-ai-2000732646,2026-03-12T12:00:05Z,"As the world continues to slowly but surely grapple with the issues with, and ever-present executive demand for, generative AI use in every aspect of our lives, sometimes it’s nice to hear at least o… [+2731 chars]"
The Verge,Andrew J. Hawkins,Kodiak CEO says making trucks drive themselves is only half the battle,"This year is shaping up to be a big one for self-driving trucks. In addition to Aurora's plan to deploy hundreds of autonomous big rigs and Waabi expanding into robotaxis, you've also got Kodiak AI aiming to launch its own fully driverless long-haul freight o…",https://www.theverge.com/transportation/897551/kodiak-ai-self-driving-truck-ceo-interview,2026-03-20T18:25:45Z,"<ul><li></li><li></li><li></li></ul>
The company plans to launch fully driverless long-haul freight operations by the end of 2026.
The company plans to launch fully driverless long-haul freight ope… [+6078 chars]"
Wired,Avery Trufelman,How American Camouflage Conquered the World,The world-famous MultiCam pattern was designed for the military by two Brooklyn hipsters. Now everyone—from babies to ICE agents—is suited up for battle.,https://www.wired.com/camouflage-multicam-military-navy-seals-ice/,2026-03-25T10:00:00Z,"The design students didnt start out in the field or on a hunting range. You start in your Adobe suite, right? Thompson says. Go right in digitally, create it, print it, make uniforms out of it. Tweak… [+2759 chars]"
Gizmodo.com,Ece Yildirim,"People Hate AI Even More Than They Hate ICE, Poll Finds",The only things less popular than AI in the poll were Iran and the Democratic Party.,https://gizmodo.com/people-hate-ai-even-more-than-they-hate-ice-poll-finds-2000731438,2026-03-09T18:35:34Z,"People really hate artificial intelligence, according to the latest NBC poll. 
NBC surveyed a group of registered voters and found that the concept of artificial intelligence was so unpopular that 4… [+3630 chars]"
The Verge,David Pierce,Why people really hate AI,"There's a big, and increasing, disconnect in culture right now when it comes to artificial intelligence. Companies of all shapes and sizes are hunting for places to deploy AI and can't stop talking about how this new technology will change everything. But whe…",https://www.theverge.com/podcast/897900/ai-trust-gap-killer-app-vergecast,2026-03-20T13:27:53Z,"<ul><li></li><li></li><li></li></ul>
On The Vergecast: AI apps we really want, the future of foldables, and the DLSS 5 backlash.
On The Vergecast: AI apps we really want, the future of foldables, a… [+3014 chars]"
The Verge,Gaby Del Valle,"The boring, insidious world of the womanosphere","Usha Vance has a new podcast: Storytime with the Second Lady. It's exactly what it sounds like. Each episode begins with a brief introduction, after which JD Vance's wife reads a children's story. The first three episodes were released Monday, and none is lon…",https://www.theverge.com/policy/905871/usha-vance-podcast-storytime-second-lady-katie-miller,2026-04-02T14:57:35Z,"<ul><li></li><li></li><li></li></ul>
The wives of right-wing political figures keep launching podcasts. Why?
The wives of right-wing political figures keep launching podcasts. Why?
by
Gaby Del Va… [+8537 chars]"
Wired,Maxwell Zeff,Yann LeCun Raises $1 Billion to Build AI That Understands the Physical World,"Meta’s former chief AI scientist has long argued that human-level AI will come from mastering the physical world, not language. His new startup, AMI, plans to prove it.",https://www.wired.com/story/yann-lecun-raises-dollar1-billion-to-build-ai-that-understands-the-physical-world/,2026-03-10T05:00:00Z,"Advanced Machine Intelligence (AMI), a new Paris-based startup cofounded by Metas former chief AI scientist Yann LeCun, announced Monday it has raised more than $1 billion to develop AI world models.… [+4159 chars]"
Wired,Ritsuko Kawai,Japan Approves the World’s First Treatment Made With Reprogrammed Human Cells,Researchers in Japan pioneered reprogrammed cells 20 years ago. Now the country has given the first-ever authorizations to manufacture and sell medical products based on the technology.,https://www.wired.com/story/japan-approves-the-worlds-first-treatment-made-with-reprogrammed-human-cells/,2026-03-14T09:00:00Z,"Severe heart failure is a serious condition that worsens over time, and the only treatment options are a heart transplant or a heart-assisted artificial heart. However, heart transplantation is hampe… [+3796 chars]"
The Verge,Hayden Field,Why OpenAI killed Sora,"On Tuesday morning, everything was business as usual at OpenAI. By the end of the day, the company had announced that it would scrap its video-generation app, Sora, and reverse plans for video generation inside ChatGPT; it would wind down a $1 billion Disney …",https://www.theverge.com/ai-artificial-intelligence/902368/openai-sora-dead-ai-video-generation-competition,2026-03-27T21:47:06Z,"<ul><li></li><li></li><li></li></ul>
Why OpenAI killed Sora
Too much compute, too much competition, and skeptical investors.
by
Hayden FieldClose
Posts from this author will be added to your dai… [+10409 chars]"
Gizmodo.com,Justin Caffier,New Niantic Partnership Helps Food Delivery Bots ‘Pokémon Go’ Get Your Treats,Will an association with that game everyone played a little bit in 2016 help keep the bots from getting lost and beat up?,https://gizmodo.com/niantic-partnership-food-delivery-bots-use-pokemon-go-data-2000732212,2026-03-11T13:10:33Z,"If you live in a major city in the US, China, or certain European nations, youve likely seen a few food delivery robots by now. Anthropomorphized with googly eyes and names, these autonomous urban ro… [+3429 chars]"
Gizmodo.com,Ece Yildirim,Nvidia CEO Wants Tech Execs to Stop Laying Off Workers and Scaring People,"At GTC, Jensen Huang was on damage control for AI.",https://gizmodo.com/nvidia-ceo-wants-tech-execs-to-stop-laying-off-workers-and-scaring-people-2000736053,2026-03-20T20:10:56Z,"AI is having a major PR crisis, and Nvidia CEO Jensen Huang is really worried about it.
As AI technology improves and leverages the underregulated space it inhabits to creep further into modern soci… [+4041 chars]"
Wired,Alana Hope Levinson,Taylor Lorenz’s Screen Time Is Almost 17 Hours a Day,The extremely online journalist and content creator doesn’t believe in tech hygiene and yearns for a world where “inbox infinity” is celebrated.,https://www.wired.com/story/user-behavior-taylor-lorenz/,2026-04-01T10:00:00Z,"Taylor Lorenz doesnt want to touch grass. The technology and culture journalist wrote the bestselling book Extremely Online: The Untold Story of Fame, Influence, and Power on the Internet, and she ha… [+10104 chars]"
Android Central,"sanujb6@gmail.com (Sanuj Bhatia) , Sanuj Bhatia",OnePlus executive who dismissed shutdown rumors has now stepped down,"OnePlus India CEO Robin Liu has stepped down, the company has confirmed.",https://www.androidcentral.com/phones/oneplus/oneplus-india-ceo-steps-down-march-2026,2026-03-24T14:06:28Z,"What you need to know
<ul><li>OnePlus India CEO Robin Liu has stepped down, with the company citing 'personal reasons' for his departure.</li><li>The exit comes amid reports of internal struggles, d… [+2554 chars]"
BBC News,,Global News Podcast,President says Iran will stop striking Gulf states if no attacks originate from them,https://www.bbc.co.uk/sounds/play/p0n57ljj,2026-03-07T14:28:00Z,"Available for 29 days
The Iranian president, Masoud Pezeshkian, has said Iran will stop striking its neighbours as long as no attacks originate from them; he's apologised for Tehran's attacks on tho… [+1151 chars]"
Business Insider,Thibault Spirlet,"How to use AI without getting dumber, according to a serial entrepreneur","""The technology that made us fat is going to make us dumb, too,"" said DigitalMarketer CEO Ryan Deiss.",https://www.businessinsider.com/how-to-use-ai-without-becoming-dumber-entrepreneur-skills-atrophy-2026-3,2026-03-10T12:33:25Z,"DigitalMarketer CEO Ryan Deiss says workers who think first and use AI second will win in the AI era.VCG/VCG via Getty Images
<ul><li>An entrepreneur says overuse of AI will dull workers' critical-t… [+2650 chars]"
Gizmodo.com,Mike Pearl,OpenAI Reportedly Pivoting to a Focus on Business and Productivity Only,"An all-hands meeting, whose details leaked to the Wall Street Journal, made the AI juggernaut sound a bit desperate.",https://gizmodo.com/openai-reportedly-pivoting-to-a-focus-on-business-and-productivity-only-2000734341,2026-03-17T09:00:23Z,"Sam Altman and the other leaders at OpenAI have reportedly notified the companys staff at an all-hands meeting, details of which were leaked to the Wall Street Journal, that an exciting new strategy … [+1578 chars]"
Wired,"Lily Hay Newman, Matt Burgess",Signal’s Creator Is Helping Encrypt Meta AI,"Moxie Marlinspike says the technology powering his end-to-end encrypted AI chatbot, Confer, will be integrated into Meta AI. The move could help protect the AI conversations of millions of people.",https://www.wired.com/story/signals-creator-is-helping-encrypt-meta-ai/,2026-03-19T14:09:51Z,"Moxie Marlinspike, the privacy advocate who created the secure communication app Signal and its widely used open source encryption protocol, said this week that his privacy-focused AI platform, Confe… [+3498 chars]"
The Verge,Robert Hart,It’s not easy to get depression-detecting AI through the FDA,"For the past seven years, the California-based startup Kintsugi has been developing AI designed to detect signs of depression and anxiety from a person's speech. But after failing to secure FDA clearance in time, the company is shutting down and releasing mos…",https://www.theverge.com/ai-artificial-intelligence/905864/depression-detecting-ai-kintsugi-clinical-ai-startup-shut-down,2026-04-02T15:33:23Z,"<ul><li></li><li></li><li></li></ul>
Instead, a mental health startup shut down and open-sourced its tech.
Instead, a mental health startup shut down and open-sourced its tech.
by
Robert HartClos… [+7567 chars]"
The Verge,John.Higgins,The versatile Play speaker is a great way into the Sonos world,"It's been nearly a year and a half since Sonos released a consumer product, and those last two releases - the Arc Ultra and Sub 4 - were updates to existing products. The $299 Sonos Play, however, is a brand-new portable speaker that can expand an existing sy…",https://www.theverge.com/tech/901105/sonos-play-speaker-review,2026-03-26T09:42:23Z,"<ul><li></li><li></li><li></li></ul>
The Play takes the best parts of the Roam and Move speakers to make a great Wi-Fi and Bluetooth speaker.
If you buy something from a Verge link, Vox Media may e… [+9889 chars]"
The Verge,Charles Pulliam-Moore,Bespoke AI models are the next big thing in filmmaking,"Though many AI boosters have convinced themselves that the technology can spit out films and television series whole cloth, claims of Hollywood being cooked feel very premature when you see what people are making with the most popular image/video models on th…",https://www.theverge.com/streaming/893538/ai-model-netflix-interpositive-ben-affleck,2026-03-12T13:56:00Z,"<ul><li></li><li></li><li></li></ul>
Bespoke AI models are the next big thing in filmmaking
Ben Afflecks AI startup, recently purchased by Netflix for around $600 million, has a different approach … [+8200 chars]"
Business Insider,Lloyd Lee,Hyundai's Motional wants to deploy robotaxis at lower costs. Here are 5 takeaways from our chat with the CEO.,"Hyundai's robotaxi arm, Motional, paused its commercial launch in 2024 to revamp the underlying technology. Now it's back with an Uber partnership.",https://www.businessinsider.com/hyundai-motional-robotaxi-uber-partnership-ceo-laura-major-interview-2026-3,2026-03-20T04:02:01Z,"Laura Majors, CEO of Motional, a robotaxi company, told Business Insider she made the ""hard decision"" to pause commercial services two years ago.Motional
<ul><li>Hyundai's Motional paused a commerci… [+5354 chars]"
The Verge,Nilay Patel,Hasbro’s CEO has an AI Peppa Pig help design toys,"Today, I’m talking with Chris Cocks, CEO of Hasbro. You know, Hasbro — the toy and game company that makes some of the most iconic products in the world, from toy lines like Transformers and My Little Pony to board and tabletop games like Monopoly, Magic: The…",https://www.theverge.com/podcast/890703/hasbro-toys-games-magic-exodus-ai-tariffs,2026-03-09T14:02:09Z,"<ul><li></li><li></li><li></li></ul>
Chris Cocks on AI, KPop Demon Hunters, and why Harry Potter still matters.
by
Nilay PatelClose
Posts from this author will be added to your daily email digest… [+65567 chars]"
The Verge,Victoria Song,Lina Khan was right,"In 2021, the virtual world was the future of the internet. The pandemic had sequestered everyone indoors, heightening the appeal of digital communities. Facebook rebranded to Meta - a sign of the tech giant's investment in and commitment to the metaverse as t…",https://www.theverge.com/report/896820/lina-khan-ftc-meta-supernatural-antitrust,2026-03-19T15:19:33Z,"<ul><li></li><li></li><li></li></ul>
Lina Khan was right
Khans FTC tried to expand the scope of antitrust law. Metas floundering VR ambitions shows why that mattered. 
by
Victoria SongClose
Seni… [+10331 chars]"
The Verge,Andrew J. Hawkins,Uber aims to launch Europe’s first robotaxi service with Pony AI and Verne,"Uber is joining forces with two companies, China's Pony AI and Croatia's Verne, to launch what it claims will be Europe's first commercially available robotaxi service. The vehicles are already being tested in Zagreb, Croatia, where Verne is headquartered, an…",https://www.theverge.com/transportation/900656/uber-pony-ai-verne-robotaxi-europe,2026-03-25T19:03:04Z,"<ul><li></li><li></li><li></li></ul>
The companies are already testing autonomous vehicles in Croatia, where they will launch their first commercial service.
The companies are already testing auton… [+3514 chars]"
The Verge,Jay Peters,AI was everywhere at gaming’s big developer conference — except the games,"AI was everywhere at the GDC Festival of Gaming this year. Vendors at the event pitched generative AI tools for things like making AI-driven NPCs and even entire games from a chat box. On the show floor, I spent 10 minutes playing a demo of a pixel-art fantas…",https://www.theverge.com/games/897982/gdc-2026-ai-game-developer-conference,2026-03-21T02:25:11Z,"<ul><li></li><li></li><li></li></ul>
AI was everywhere at gamings big developer conference except the games
Of the many developers I spoke to at GDC, nearly every one disavowed using AI in their pr… [+8041 chars]"
The Verge,Emma Roth,Online age checks came first — a VPN crackdown could be next,"This is The Stepback, a weekly newsletter breaking down one essential story from the tech world. For more news about online age verification and your privacy, follow Emma Roth. The Stepback arrives in our subscribers' inboxes at 8AM ET. Opt in for The Stepbac…",https://www.theverge.com/column/898122/online-age-verification-vpns,2026-03-20T17:33:48Z,"<ul><li></li><li></li><li></li></ul>
Online age checks came first a VPN crackdown could be next
Lawmakers dont want VPNs to stand in the way of online age verification.
by
Emma RothClose
Posts f… [+7662 chars]"
BBC News,Russell Fuller,Video reviews to be introduced at Wimbledon,Video review technology will be introduced at Wimbledon for the first time this year.,https://www.bbc.com/sport/tennis/articles/cn4395lp2qko,2026-03-21T09:03:51Z,"A review will also be allowed at the end of a point if a player feels his opponent may be guilty of hindrance.
Daniil Medvedev used the review system against Jack Draper in Indian Wells last week, a… [+1272 chars]"
CNET,Steven Musil,"Newsom Signs Executive Order Requiring AI Companies to Provide Safety, Privacy Guardrails",California's governor says order aims to prevent misuse of AI technology.,https://www.cnet.com/tech/newsom-signs-executive-order-requiring-ai-companies-to-provide-safety-privacy-guardrails/,2026-03-31T02:22:25Z,"California Gov. Gavin Newsom on Monday signed an executive order requiring AI companies that do business with the state to institute safety and privacy guidelines.
The order (PDF) is designed to ens… [+1592 chars]"
Business Insider,Noah Sheidlower,How have you used tech to support your or your parents' aging and caregiving journeys? We want to hear from you.,Business Insider is looking to hear from older Americans using advanced tech to age better and children helping their parents age better with tech.,https://www.businessinsider.com/caregiving-aging-ai-chatbots-age-tech-vibe-coding-robotics-2026-4,2026-04-02T08:49:01Z,"Older Americans are increasingly using AI and advanced tech.Maskot/Getty Images
<ul><li>Older Americans are using AI and tech for aging, while their children are helping with tech adoption.</li><li>… [+2140 chars]"
Gizmodo.com,Justin Carter,‘Kamen Rider’ Is Ready to Take on the World,"New movies, new shows, *and* weekly drops for two legacy series? 'Kamen Rider' fans have a lot to look forward to for its big birthday.",https://gizmodo.com/kamen-rider-is-ready-to-take-on-the-world-2000742411,2026-04-05T19:15:18Z,"For the 55th birthday of Kamen Rider, Toei and Ishimori Productions are expanding the franchise’s past and future in big ways.
During a Friday event celebrating the tokusatsu series, the two compani… [+1588 chars]"
BBC News,Bobbie Jackson,Britain's Cameron becomes two-weight world champion,Britain's Chantelle Cameron put on a dominant performance to beat Michaela Kotaskova and claim the vacant WBO light-middleweight world title at the Olympia in London.,https://www.bbc.com/sport/boxing/articles/c3w35q6pzg3o,2026-04-05T20:03:03Z,"Britain's Chantelle Cameron put on a dominant performance to beat Michaela Kotaskova by unanimous decision and claim the vacant WBO light-middleweight world title at the Olympia in London. 
Fighting… [+1246 chars]"
NPR,Ryan Lucas,Khamenei's killing renews questions about US assassinating foreign leaders,"Technology allowed the U.S. and Israel to kill Iran's Supreme Leader, but raised longstanding questions about whether the U.S. as a democracy should be assassinating foreign leaders.",https://www.npr.org/2026/03/17/g-s1-114070/assassination-iran-supreme-leader-questions-democracies,2026-03-17T19:22:49Z,"Stay up to date with our Politics newsletter, sent weekly.
The opening strike of the U.S.-Israeli war on Iran was a highly sophisticated operation that dealt a major blow to the Islamic Republic, ki… [+7745 chars]"
Hackaday,Maya Posch,Reverse-Engineering a Handheld Car Tire Pressure Gauge,"In this wonderful world of MEMS technology, sensor technology has been downsized and reduced in cost to the point where you can buy a car tire pressure sensor for less than $3 USD on a site like Al…",https://hackaday.com/2026/04/03/reverse-engineering-a-handheld-car-tire-pressure-gauge/,2026-04-04T02:00:41Z,"The SDIC 8-bit MCU. (Credit: electronupdate, YouTube)
In this wonderful world of MEMS technology, sensor technology has been downsized and reduced in cost to the point where you can buy a car tire p… [+1245 chars]"
The Verge,Stevie Bonifield,Mark Zuckerberg and Jensen Huang are part of Trump’s new ‘tech panel’,"Meta CEO Mark Zuckerberg, Oracle CEO Larry Ellison, Nvidia CEO Jensen Huang, and Google co-founder Sergey Brin will be the first four members of the President's Council of Advisors on Science and Technology (PCAST), according to the Wall Street Journal. The p…",https://www.theverge.com/policy/900340/trump-tech-panel-mark-zuckerberg-jensen-huang,2026-03-25T14:41:21Z,"<ul><li></li><li></li><li></li></ul>
The council will advise Trump on AI, the economy, education, and national and homeland security.
The council will advise Trump on AI, the economy, education, an… [+2872 chars]"
The Verge,Tina Nguyen,Can you monitor a situation without monitors? The Polymarket sports bar tried,"Hello and welcome to Regulator, a newsletter for Verge readers who are political junkies, and Washington insiders hooked on technology. If this email has been forwarded to you but you're not a subscriber, sign up here so you can get that pure, uncut Regulator…",https://www.theverge.com/column/900536/alliance-for-a-better-future-polymarket,2026-03-25T18:19:33Z,"<ul><li></li><li></li><li></li></ul>
Plus, a Project 2025 splinter group declares war on AI and a16z.
Plus, a Project 2025 splinter group declares war on AI and a16z.
by
Tina NguyenClose
Senior … [+9890 chars]"
The Verge,John.Higgins,The Hisense U7SG is a great midrange TV you shouldn’t buy yet,"With all of the focus on RGB LED technology, it seemed like more affordable mini-LED TVs had been shooed to the side. But with the Hisense U7SG, we're getting our first great midrange general-use TV of 2026. It gets bright, comes in a wide range of sizes, sup…",https://www.theverge.com/tech/899160/hisense-u7sg-tv-review,2026-03-23T23:10:30Z,"<ul><li></li><li></li><li></li></ul>
The U7SG has improved reflection and blooming control, but it will be cheaper in a few months.
If you buy something from a Verge link, Vox Media may earn a comm… [+9072 chars]"
Business Insider,"Lauren Edmonds,Lakshmi Varanasi",The fallout over OpenAI's Pentagon deal is growing,"Since OpenAI agreed to share its technology with the Pentagon last week, the company has faced a torrent of bad news.",https://www.businessinsider.com/openai-pentagon-deal-fallout-backlash-anthropic-altman-amodei-trump-2026-3,2026-03-08T05:01:01Z,"OpenAI CEO Sam Altman announced a deal with the Pentagon in February.Florian Gaertner/Photothek via Getty Images
<ul><li>OpenAI agreed to a deal with the Pentagon in February.</li><li>Staffers have … [+6316 chars]"
Business Insider,Dan DeFrancesco,Our March Madness bracket is all business,"Business Insider kicks off its March Madness bracket, featuring eight top business trends, including SaaS, private credit, and robotics.",https://www.businessinsider.com/march-madness-bracket-business-trends-saas-private-credit-voting-2026-3,2026-03-16T09:35:09Z,"Getty Images; Tyler Le/BI
<ul><li>This post originally appeared in the Business Insider Today newsletter.</li><li>You can sign up for Business Insider's daily newsletter here.</li></ul>This. Is. Mar… [+2104 chars]"
Wired,Steven Levy,A Quantum Leap for the Turing Award,Charles Bennett and Gilles Brassard pioneered quantum information theory. Now they’ve been awarded the highest honor in computer science.,https://www.wired.com/story/a-quantum-leap-for-the-turing-award/,2026-03-18T09:00:00Z,"Today its widely acknowledged that the future of computing will involve the quantum realm. Companies like Google, Microsoft, IBM, and a few well-funded startups are frantically building quantum compu… [+3794 chars]"
Wired,Julian Chokkattu,6G Is Coming. Here’s What to Expect From the Next Generation of Cellular Tech,"When it succeeds 5G in 2030, the next-gen mobile network will focus on upload speeds, AI, and radar-like “sensing” of vehicles, devices, and people.",https://www.wired.com/story/6g-is-coming/,2026-03-13T10:30:00Z,"5G came with many promises. Remote surgery, where surgeons operate thousands of miles away from patients; driverless cars talking to each other and autonomously navigating highways; new killer apps t… [+4181 chars]"
NPR,Marielle Segarra,5 ways to resist the urge to keep looking at your phone,"So you want to spend less time on your phone. How do you do that when it's designed to suck you in? Life Kit spoke to experts in behavioral science, psychology and technology for real-world advice.",https://www.npr.org/2026/03/12/nx-s1-5743973/5-ways-resist-urge-keep-looking-at-your-phone,2026-03-12T09:00:00Z,"So you want to reclaim your time and attention by spending less time on your phone. How do you do that when your phone is designed to suck you in and keep you scrolling?
Life Kit spoke to experts in… [+4232 chars]"
Gizmodo.com,Isaiah Colbert,Sony Wants to Defeat Ghibli AI Slop… By Feeding Ghibli Movies Into Its Own Slop Machine,"Sony hopes its new technology, Protective AI, will protect creators and rights holders from copyright infringement by making their own in-house AI slop machine that does the same thing.",https://gizmodo.com/sony-protective-ai-studio-ghibli-2000735011,2026-03-18T15:00:14Z,"The old adage, “if you can’t beat ’em, join ’em,” is being implemented by Sony in the war on AI on the side of human artists, with the company reportedly using an AI model trained on Studio Ghibli an… [+2420 chars]"
Business Insider,Hugh Langley,Google told staff worried about Pentagon AI deals that the company is 'leaning more' into national security contracts,"Google DeepMind CEO Demis Hassabis told staff it's ""incumbent on us to work with democratically elected governments.""",https://www.businessinsider.com/google-department-defense-military-contract-ai-deepmind-national-security-deals-2026-3,2026-03-19T17:56:51Z,"Google DeepMind CEO Demis HassabisCAMILLE COHEN/AFP via Getty Images
<ul><li>In an internal all-hands, Google DeepMind leaders addressed staff concerns about Pentagon work.</li><li>Leaders said ther… [+4950 chars]"
Gizmodo.com,Matt Novak,"Higher Oil Prices From Trump’s Iran War Risk Killing the AI Boom, WTO Says",President Deals seems to be setting the global economy on fire.,https://gizmodo.com/higher-oil-prices-from-trumps-iran-war-risk-killing-the-ai-boom-wto-says-2000735678,2026-03-19T19:30:17Z,"President Donald Trump’s war on Iran poses a risk to trade around the world and could result in slower GDP growth as well as higher fertilizer costs, according to a new report from the World Trade Or… [+4278 chars]"
Hackaday,Bryan Cockfield,Training a Transformer with 1970s-era Technology,"Although generative language models have found little widespread, profitable adoption outside of putting artists out of work and giving tech companies an easy scapegoat for cutting staff, their their underlying …read more",https://hackaday.com/2026/03/29/training-a-transformer-with-1970s-era-technology/,2026-03-30T02:00:41Z,"Although generative language models have found little widespread, profitable adoption outside of putting artists out of work and giving tech companies an easy scapegoat for cutting staff, their their… [+1552 chars]"
CNET,David Lumb,How War in the Middle East Impacted the World's Largest Mobile Phone Show,"Hundreds of companies planned to gather in Barcelona to talk business, but as the conflict disrupted travel, not all of them arrived.",https://www.cnet.com/tech/mobile/how-war-in-the-middle-east-impacted-the-worlds-largest-mobile-phone-show/,2026-03-08T15:01:09Z,"On a Tuesday in the middle of Mobile World Congress 2026, three industry experts gathered for a panel to chat about smart glasses and extended reality tech. But a fourth member of the panel, who was … [+9727 chars]"
BBC News,BBC Sport,GB's Brown becomes world champion for second time,Britain's Sky Brown becomes a skateboarding world champion for the second time after winning gold in a rain-disrupted park event in Brazil.,https://www.bbc.com/sport/skateboarding/articles/cq571lpg555o,2026-03-09T10:11:08Z,"Britain's Sky Brown has become a skateboarding world champion for the second time after winning gold in a rain-disrupted park event in Sao Paolo, Brazil.
The 17-year-old was leading the standings wi… [+855 chars]"
The Verge,Hayden Field,Judge sides with Anthropic to temporarily block the Pentagon’s ban,"After Anthropic's weeks-long standoff with the Pentagon, the company won one milestone: A judge granted Anthropic a preliminary injunction in its lawsuit, which sought to reverse its government blacklisting while the judicial process plays out. ""The Departmen…",https://www.theverge.com/ai-artificial-intelligence/902149/anthropic-dod-pentagon-lawsuit-supply-chain-risk-injunction,2026-03-27T00:33:44Z,"<ul><li></li><li></li><li></li></ul>
Judge sides with Anthropic to temporarily block the Pentagons ban
Judge Lin wrote that punishing Anthropic is classic illegal First Amendment retaliation.
by
… [+8734 chars]"
BBC News,Adam Millington,Foden not guaranteed World Cup squad spot - Tuchel,"Manchester City midfielder Phil Foden's is not guaranteed a place in England's squad for the 2026 World Cup, says manager Thomas Tuchel.",https://www.bbc.com/sport/football/articles/cp86d7j2g7vo,2026-04-01T19:06:06Z,"England manager Thomas Tuchel has said Phil Foden does not have a guaranteed place in his World Cup squad.
The 25-year-old Manchester City midfielder was the only player to start both games in Engla… [+1195 chars]"
Gizmodo.com,Ece Yildirim,Trump Is Reportedly Going Full Steam Ahead With The Golden Dome,A Bloomberg report provides a rare glimpse into the timeline for Trump's super secret and disputed project.,https://gizmodo.com/trump-is-reportedly-going-full-steam-ahead-with-the-golden-dome-2000742636,2026-04-05T19:48:25Z,"The Pentagon has picked two companies to build prototypes for the key technology in Trump’s controversial Golden Dome plan, a report says.
Satellite startup Impulse Space and defense tech company An… [+2826 chars]"
Business Insider,Thibault Spirlet,"OpenAI is rethinking ChatGPT pricing — and 'unlimited' plans may not last, its boss says","ChatGPT's head said its subscription model was ""accidental"" but said ""there's no world in which pricing doesn't significantly evolve.""",https://www.businessinsider.com/openai-may-drop-unlimited-chatgpt-plans-exec-says-2026-3,2026-03-17T14:38:26Z,"OpenAI's head of ChatGPT suggested the era of ""unlimited"" AI may be coming to an end.Matthias Balk/picture alliance via Getty Images
<ul><li>OpenAI may drop ""unlimited"" ChatGPT plans as AI costs sur… [+3116 chars]"
Business Insider,Lakshmi Varanasi,OpenAI's robotics head quits after company's Pentagon deal: 'This was about principle',Caitlin Kalinowski says she is quitting OpenAI over concerns that the technology could be used for mass surveillance and autonomous weapons.,https://www.businessinsider.com/caitlin-kalinowski-quits-openai-robotics-head-pentagon-deal-sam-altman-2026-3,2026-03-07T17:43:08Z,"OpenAI's head of robotics, Caitlin Kalinowski, announced she was resigning from the company.Samuel Boivin/NurPhoto via Getty Images
<ul><li>Caitlin Kalinowski said she had resigned from OpenAI on Sa… [+1117 chars]"
BBC News,,Gas shortage caused by Iran war may push India back to dirtier fuels,Reports from across India point to rising sales of biomass fuels like firewood and cow dung cakes.,https://www.bbc.com/news/articles/c1d6vyy9v61o,2026-03-20T00:59:29Z,"India's environment ministry has told state pollution boards to let restaurants and hotels temporarily switch to biomass (wood, dried crops, animal manure), fuel pellets, kerosene and coal for a mont… [+64 chars]"
Business Insider,Polly Thompson,How Big Four firm KPMG is protecting itself from AI agents going rogue,KPMG's Trusted AI leader Sam Gloede spoke to Business Insider about how it is soothing client fears about AI agents going too far.,https://www.businessinsider.com/when-to-use-a-kill-switch-against-ai-agents-kpmg-2026-3,2026-03-22T10:29:01Z,"The sci-fi prophecy of robots taking over is a real fear for many businesses.Weiquan Lin/Getty Images
<ul><li>AI agents perform tasks autonomously, but many fear they'll override their controls.</li… [+5099 chars]"
Business Insider,Geoff Weiss,Nvidia expects to sell $1 trillion in AI chips through 2027 — and it's pushing further into inference,"Nvidia CEO Jensen Huang unveils a high-speed AI inference system using Groq technology, targeting growing demand.",https://www.businessinsider.com/nvidia-gtc-ai-system-groq-technology-inference-2026-3,2026-03-16T20:48:52Z,"Nvidia cofounder and CEO Jensen HuangPatrick T. Fallon / AFP via Getty Images
<ul><li>Nvidia CEO Jensen Huang debuted a new AI inference system during his GTC conference keynote.</li><li>The product… [+2516 chars]"
Wired,Dana Alomar,Iran Warns US Tech Firms Could Become Targets as War Expands,"Companies including Google, Microsoft, and Palantir were listed as targets by Iranian media as the conflict with Israel and the US spills into digital infrastructure.",https://www.wired.com/story/iran-warns-us-tech-firms-could-become-targets-as-war-expands/,2026-03-11T18:38:21Z,"Major US technology companies have been named as potential targets as the war between Iran, Israel, and the United States begins to spill into the digital infrastructure that powers modern economies.… [+3086 chars]"
Android Central,"harish.jonnalagadda@futurenet.com (Harish Jonnalagadda) , Harish Jonnalagadda",I used this hidden Google Pay feature to automate credit card bill payments,"Google Pay in India has a hidden feature that lets you add all credit card billers, allowing you to pay bills with the utility. This is the CRED alternative I've been waiting for in India.",https://www.androidcentral.com/apps-software/google-pay/i-used-this-hidden-google-pay-feature-to-automate-credit-card-bill-payments,2026-03-31T07:03:22Z,"I have 14 credit cards, and it's a bit of a chore to get all the monthly statements collated and sort out the bills. I used CRED in the past to pay the bills, and while the service was good at the st… [+3047 chars]"
Business Insider,Kimanzi Constable,I quit my dream job at Apple to launch a startup with my dad. I have no regrets.,"Akshat Prakash left his job at Apple in 2022 to start his own business. His father gave him more credibility at first, then came on as the actual CEO.",https://www.businessinsider.com/quit-dream-job-apple-launch-ai-startup-dad-no-regrets-2026-3,2026-03-19T09:05:01Z,"Akshat Prakash and his father, Avneesh.Courtesy of Akshat Prakash
<ul><li>Akshat Prakash transitioned from Apple's Siri team to co-founding Camb.ai with his father in 2022.</li><li>Camb.ai focuses o… [+6137 chars]"
BBC News,,Inside the world of preppers getting ready for society's collapse,"From floods and fires to national security cyberattacks, how can you prepare for the worst?",https://www.bbc.com/news/articles/c33j0rdnry1o,2026-03-19T22:47:40Z,"Donna, who used to work in the military but now works in education, stores water, tinned food, freeze-dried food, tea, coffee, powdered milk and a first aid kit."
BBC News,Craig Nelson,Britain's Muir wins historic World Cup ski titles,Kirsty Muir becomes the first British woman to win both the slopestyle and overall World Cup titles by finishing second in the season finale in Switzerland.,https://www.bbc.com/sport/articles/crm1jv3rvllo,2026-03-28T15:31:35Z,"Kirsty Muir has become the first British woman to win World Cup titles in both freeski slopestyle and overall park and pipe. 
The 21-year-old Scot finished second on Saturday, behind home skier Sara… [+1322 chars]"
Wired,Matthew Korfhage,"Boroux Versus Rorra Countertop Water Filters, Tested Head to Head","In a world of plasticky water filter pitchers, I tested two of the new generation of stainless-steel filter systems.",https://www.wired.com/story/steel-water-filters-head-to-head/,2026-03-18T11:06:00Z,"I will admit that the popularity of those giant, stainless steel, gravity-fed water filters remained a mystery to me for some yearseven as multi-gallon water filter systems from brands like British B… [+3205 chars]"
BBC News,Harry Poole,GB's Azu narrowly misses out on world 60m medal,Defending champion Jeremiah Azu narrowly misses out on a medal in the men's 60m final at the World Athletics Indoor Championships in Poland.,https://www.bbc.com/sport/athletics/articles/c5yw8z3dz5ko,2026-03-20T20:47:09Z,"Defending champion Jeremiah Azu narrowly missed out on a medal in the men's 60m final at the World Athletics Indoor Championships in Poland.
Twelve months after claiming the first global title of hi… [+1132 chars]"
NPR,Alina Selyukh,"They gave her business a lifeline, then froze all her money","A murky corner of the financial world is now the fastest-growing source of funding for small businesses. One state, Connecticut, had given these lenders unusual power. That may be about to change.",https://www.npr.org/2026/03/25/nx-s1-5745122/small-business-cash-advance-loans-connecticut,2026-03-25T09:01:00Z,"The alarming phone call came from Jane's daughter, away at college. Her debit card had suddenly stopped working. Something was wrong with their shared bank account. What happened to all the money?
J… [+9728 chars]"
BBC News,Phil McNulty,Could England's set-pieces win them the World Cup?,Former England goalkeeper Paul Robinson says set-piece expertise could give Thomas Tuchel's side an X-factor this summer.,https://www.bbc.com/sport/football/articles/cy417p1ekx0o,2026-03-27T06:43:26Z,"Robinson believes Tuchel is realistic and practical enough to recognise, based on the evidence he has witnessed in the Premier League, the power set-pieces can offer England.
""Tuchel watches a lot o… [+2701 chars]"
Business Insider,Sarah E. Needleman,Meet the three-time world Sudoku champ behind LinkedIn's daily puzzles,LinkedIn's puzzlemaster crafts daily games designed to keep users coming back — and competing with their connections.,https://www.businessinsider.com/meet-the-puzzlemaster-behind-linkedin-games-zip-and-patches-2026-3,2026-03-30T09:22:01Z,"Thomas Snyder is the principal puzzle master at LinkedIn.Thomas Snyder
<ul><li>LinkedIn hired a three-time world Sudoku champion to create games that spark chatter on its platform.</li><li>The platf… [+5037 chars]"
Business Insider,Katherine Li,Sam Altman says he 'miscalibrated' the mood of distrust toward AI and the government in the Pentagon deal,Sam Altman shares what he learned from the fallout of OpenAI's deal with the Pentagon and defends working with the government.,https://www.businessinsider.com/sam-altman-says-he-miscalibrated-distrust-toward-ai-pentagon-deal-2026-4,2026-04-02T13:06:01Z,"Sam Altman said he had ""miscalibrated"" the mood of distrust toward AI and the government.Kylie Cooper/Reuters
<ul><li>Altman talked to Laurie Segall, CEO of Mostly Human, about his takeaways from th… [+3202 chars]"
Business Insider,lvaranasi@businessinsider.com (Lakshmi Varanasi),I saw the AI apocalypse documentary. It made the stakes of the new technology feel even higher.,"In ""The AI Doc: Or How I Became an Apocaloptimist,"" the biggest names in artificial intelligence discuss a future full of potential and risk.",https://www.businessinsider.com/ai-doc-apocaloptimist-lessons-sam-altman-demis-hassabis-dario-amodei-2026-3,2026-03-30T09:31:01Z,"Here is what I would tell someone if they asked me what I learned from ""The AI Doc: Or How I Became an Apocaloptimist,"" which premiered at Sundance and opened in theaters on Friday:
There are now 20… [+4354 chars]"
Business Insider,Tim Paradis,Workers are feeling AI anxiety — and that they might be training their replacements,"Some workers worry that using AI makes it easier for the technology to replace them. Yet it's not a 1-for-1 swap, workplace observers say.",https://www.businessinsider.com/workers-worry-using-ai-will-make-them-replaceable-2026-4,2026-04-05T09:55:01Z,"Some workers fear that using AI means they're training their replacement.Wayne Parry/Associated Press
<ul><li>Some workers worry that using AI at work will help the technology eventually replace the… [+5257 chars]"
Gizmodo.com,Ece Yildirim,The US Has Already Caused $10 Trillion in Climate Damages—and the Math Gets Worse,"Individual climate actions have tangible monetary consequences, researchers say. But that goes both ways.",https://gizmodo.com/the-us-has-already-caused-10-trillion-in-climate-damages-and-the-math-gets-worse-2000737560,2026-03-25T16:00:44Z,"The world’s largest carbon emitters owe a huge debt to future generations. Some experts say that debt can be quantified financially.
That’s largely because the negative impacts of climate change won… [+4814 chars]"
Gizmodo.com,Isaiah Colbert,‘Ran and the Gray World’ Feels Like a Manga From a Bygone Era,"Unfortunately, the fantasy manga is a visual feast that quickly curdles into the genre's worst instincts.",https://gizmodo.com/ran-and-the-gray-world-feels-like-a-manga-from-a-bygone-era-2000736140,2026-03-20T21:30:05Z,"“Don’t judge a book by its cover” is advice that’s often hand-waved away whenever you frequent a bookstore, especially for manga. After all, a manga’s pretty artwork is the first thing that’ll make y… [+4384 chars]"
Gizmodo.com,Cheryl Eddy,The World of ‘A Court of Thorns and Roses’ Will Expand in a Big Way,Author Sarah J. Maas announces the next two books in her best-selling fantasy series—and teases the future of its screen adaptation.,https://gizmodo.com/the-world-of-a-court-of-thorns-and-roses-will-expand-in-a-big-way-2000730395,2026-03-06T12:00:01Z,"Romantasy is ridiculously popular right nownot for nothing did Pluribus make its main character, Carol Sturka, a famous writer in the genreand a lot of that has to do with Sarah J. Maas. While her Th… [+2888 chars]"
Business Insider,Jake Epstein,Ukraine showed NATO artillery crews how to use drones. Now they're figuring out how to make them work in the Arctic.,NATO commanders told Business Insider that drones are useful but could never fully replace the reliability of old-fashioned artillery.,https://www.businessinsider.com/watching-ukraine-nato-artillery-crews-learn-operate-drones-arctic-2026-3,2026-03-12T09:32:01Z,"A Ukrainian soldier prepares to launch a drone for reconnaissance and targeting.Ukrinform/NurPhoto via Getty Images
<ul><li>Russia's war in Ukraine has demonstrated the value of using cheap drones f… [+4553 chars]"
Business Insider,Arielle Pardes,'Rizz and autizz': Inside the bananas quest to reboot San Francisco's flaccid dating scene,"$100,000 bounties, agentic matchmaking, and rizz keyboards: Can San Francisco's dating culture ruined by technology be saved by more of it?",https://www.businessinsider.com/san-francisco-dating-apps-ai-matchmakers-technology-2026-4,2026-04-05T08:11:01Z,"When Patricia Tani moved to San Francisco last year, she kept hearing a koan about the city's dating scene: ""The odds are good, but the goods are odd.""
""There's all this talk online about how dating… [+16013 chars]"
Hackaday,Lewin Day,Solar Balconies Take Europe By Storm,"Solar power has been around for a long time now. Once upon a time, it was mostly the preserve of research projects and large-scale municipal installations. Eventually, as the technology grew ever c…",https://hackaday.com/2026/03/31/solar-balconies-take-europe-by-storm/,2026-03-31T14:00:09Z,"Solar power has been around for a long time now. Once upon a time, it was mostly the preserve of research projects and large-scale municipal installations. Eventually, as the technology grew ever che… [+6066 chars]"
The Verge,David Pierce,The twist in the Ticketmaster antitrust fight,"A lot of people are mad at Ticketmaster, and have been for a long time. (Did Swifties directly create an antitrust trial? Discuss.) The US government's case against Live Nation-Ticketmaster appeared poised to lay bare some of the strangeness of the music busi…",https://www.theverge.com/podcast/892021/ticketmaster-antitrust-anthropic-pentagon-vergecast,2026-03-10T14:01:10Z,"<ul><li></li><li></li><li></li></ul>
On The Vergecast: music monopolies, Anthropic vs. the DoD, foldable phones, and much more.
On The Vergecast: music monopolies, Anthropic vs. the DoD, foldable p… [+2935 chars]"
Business Insider,Katie Notopoulos,"Farewell, Sora. You were too beautiful and too stupid for this world.","OpenAI is shutting down Sora, where I had a lot of stupid fun for a few days.",https://www.businessinsider.com/sora-openai-chatgpt-sam-altman-ai-shutting-down-farewell-why-2026-3,2026-03-25T16:49:57Z,"Sora was too good for this world. Now it's gone.Samuel Boivin/NurPhoto via Getty Images
<ul><li>Goodbye, Sora!</li><li>I loved you at first — it was so much fun making silly videos of my friends.</l… [+3483 chars]"
Business Insider,tspirlet@insider.com (Thibault Spirlet),"The career ladder is fading as AI reshapes work, LinkedIn exec says","""Workers are going to be climbing a wall, not a ladder,"" Aneesh Raman, LinkedIn's chief economic opportunity officer, told Business Insider.",https://www.businessinsider.com/ai-disruption-corporate-white-collar-career-ladder-linkedin-exec-advice-2026-4,2026-04-01T13:27:15Z,"The days of climbing the corporate career ladder may be numbered.
White-collarcareers have followed a predictable script for decades: get a degree, land a job, and steadily move up the rungs of the … [+3713 chars]"
Business Insider,Kelsey Vlamis,Mark Cuban says he thinks the humanoid robot push will fail in 5 to 10 years,Mark Cuban said the push for humanoid robots will fail and that instead robots and spaces will be co-designed.,https://www.businessinsider.com/mark-cuban-humanoid-robotics-will-fail-robots-houses-codesigned-2026-3,2026-03-20T04:18:01Z,"Mark Cuban says the future of robotics isn't humanoids.Anna Webber/Getty Images for Inc. at Inc. Founders House at SXSW
<ul><li>Mark Cuban thinks humanoid robots will have a short lifespan.</li><li>… [+2355 chars]"
